T_C,P_sat_bar,rho_liq_NH3,rho_vap_NH3,h_liq_NH3,h_vap_NH3,rho_H2,h_H2_kJkg
-50,0.40776,701.74,0.38016,120.38,1537.7,0.044289,2873.7
-49,0.43252,700.56,0.40169,124.79,1539.3,0.046769,2887.49
-48,0.4585,699.37,0.4242,129.2,1541,0.049358,2901.33
-47,0.48576,698.18,0.44772,133.61,1542.6,0.052061,2915.18
-46,0.51434,696.99,0.47228,138.03,1544.2,0.05488,2929.02
-45,0.54429,695.79,0.49793,142.45,1545.8,0.057819,2942.91
-44,0.57566,694.6,0.52469,146.88,1547.5,0.060884,2956.76
-43,0.6085,693.4,0.5526,151.31,1549.1,0.064075,2970.66
-42,0.64285,692.2,0.5817,155.74,1550.7,0.067396,2984.55
-41,0.67878,690.99,0.61202,160.18,1552.2,0.070855,2998.48
-40,0.71633,689.78,0.6436,164.62,1553.8,0.074451,3012.39
-39,0.75557,688.57,0.67648,169.06,1555.4,0.078194,3026.29
-38,0.79653,687.36,0.7107,173.51,1556.9,0.082081,3040.24
-37,0.83929,686.14,0.74629,177.96,1558.5,0.086117,3054.18
-36,0.8839,684.92,0.7833,182.42,1560,0.090312,3068.13
-35,0.93042,683.7,0.82177,186.88,1561.5,0.094663,3082.13
-34,0.97891,682.48,0.86174,191.35,1563,0.099184,3096.08
-33,1.0294,681.25,0.90325,195.82,1564.5,0.103847,3110.08
-32,1.082,680.01,0.94634,200.29,1566,0.108692,3124.08
-31,1.1368,678.78,0.99106,204.77,1567.5,0.113704,3138.08
-30,1.1938,677.54,1.0374,209.25,1569,0.118899,3152.08
-29,1.253,676.3,1.0856,213.73,1570.5,0.124268,3166.08
-28,1.3146,675.05,1.1354,218.22,1571.9,0.129831,3180.14
-27,1.3786,673.81,1.1871,222.71,1573.3,0.135583,3194.15
-26,1.4451,672.55,1.2406,227.21,1574.8,0.141533,3208.2
-25,1.5142,671.3,1.2961,231.71,1576.2,0.147689,3222.26
-24,1.5859,670.04,1.3535,236.22,1577.6,0.154046,3236.31
-23,1.6603,668.78,1.4128,240.72,1579,0.160615,3250.42
-22,1.7374,667.51,1.4743,245.24,1580.4,0.167391,3264.49
-21,1.8174,666.24,1.5378,249.76,1581.7,0.17439,3278.6
-20,1.9003,664.97,1.6035,254.28,1583.1,0.181611,3292.67
-19,1.9861,663.69,1.6714,258.8,1584.4,0.189053,3306.78
-18,2.0751,662.41,1.7416,263.33,1585.8,0.196735,3320.89
-17,2.1672,661.12,1.814,267.87,1587.1,0.204653,3335.02
-16,2.2625,659.83,1.8889,272.41,1588.4,0.212811,3349.14
-15,2.3611,658.54,1.9661,276.95,1589.7,0.221212,3363.3
-14,2.4631,657.24,2.0458,281.5,1591,0.229864,3377.44
-13,2.5685,655.94,2.1281,286.05,1592.2,0.238767,3391.61
-12,2.6775,654.64,2.213,290.61,1593.5,0.247938,3405.78
-11,2.7901,653.33,2.3005,295.17,1594.7,0.257369,3419.95
-10,2.9064,652.01,2.3907,299.74,1595.9,0.267067,3434.12
-9,3.0265,650.7,2.4837,304.31,1597.2,0.277038,3448.32
-8,3.1505,649.37,2.5796,308.88,1598.4,0.287292,3462.5
-7,3.2784,648.05,2.6783,313.46,1599.5,0.297822,3476.71
-6,3.4104,646.72,2.78,318.05,1600.7,0.308642,3490.94
-5,3.5466,645.38,2.8847,322.64,1601.9,0.319764,3505.12
-4,3.6869,644.04,2.9925,327.24,1603,0.331165,3519.35
-3,3.8316,642.7,3.1035,331.84,1604.2,0.342878,3533.62
-2,3.9807,641.35,3.2177,336.45,1605.3,0.354904,3547.86
-1,4.1343,640,3.3352,341.06,1606.4,0.367231,3562.1
0,4.2925,638.64,3.456,345.67,1607.4,0.379882,3576.34
1,4.4554,637.28,3.5803,350.3,1608.5,0.392853,3590.63
2,4.623,635.91,3.7081,354.93,1609.6,0.406142,3604.92
3,4.7955,634.53,3.8395,359.56,1610.6,0.419761,3619.17
4,4.973,633.16,3.9745,364.2,1611.6,0.433717,3633.47
5,5.1556,631.77,4.1133,368.85,1612.6,0.447949,3647.78
6,5.3433,630.39,4.2558,373.5,1613.6,0.462496,3662.08
7,5.5363,628.99,4.4023,378.16,1614.6,0.477403,3676.4
8,5.7347,627.6,4.5527,382.82,1615.5,0.492665,3690.71
9,5.9385,626.19,4.7071,387.49,1616.5,0.508277,3705.08
10,6.1479,624.78,4.8657,392.17,1617.4,0.524254,3719.39
11,6.363,623.37,5.0285,396.85,1618.3,0.540603,3733.76
12,6.5838,621.95,5.1956,401.54,1619.2,0.557314,3748.1
13,6.8105,620.53,5.3671,406.24,1620.1,0.574408,3762.47
14,7.0431,619.1,5.5431,410.94,1620.9,0.591877,3776.85
15,7.2819,617.66,5.7236,415.65,1621.7,0.609738,3791.21
16,7.5268,616.22,5.9088,420.37,1622.6,0.627987,3805.59
17,7.778,614.77,6.0987,425.1,1623.3,0.646638,3820.01
18,8.0356,613.31,6.2935,429.83,1624.1,0.66568,3834.4
19,8.2997,611.85,6.4932,434.57,1624.9,0.685134,3848.81
20,8.5704,610.39,6.698,439.32,1625.6,0.704997,3863.24
21,8.8478,608.91,6.9078,444.07,1626.3,0.725268,3877.68
22,9.1321,607.44,7.123,448.84,1627,0.745964,3892.09
23,9.4233,605.95,7.3435,453.61,1627.7,0.767091,3906.55
24,9.7215,604.46,7.5694,458.39,1628.4,0.788635,3921.01
25,10.027,602.96,7.8009,463.17,1629,0.810607,3935.48
26,10.34,601.45,8.0381,467.97,1629.6,0.832826,3949.95
27,10.66,599.94,8.2811,472.78,1630.2,0.855466,3964.43
28,10.987,598.42,8.53,477.59,1630.8,0.878509,3978.91
29,11.322,596.9,8.7849,482.41,1631.3,0.902022,3993.4
30,11.665,595.36,9.046,487.25,1631.8,0.926019,4007.89
31,12.016,593.82,9.3133,492.09,1632.3,0.950494,4022.4
32,12.375,592.28,9.5871,496.94,1632.8,0.975417,4036.91
33,12.742,590.72,9.8673,501.8,1633.3,1.00083,4051.46
34,13.117,589.16,10.154,506.67,1633.7,1.026676,4065.99
35,13.5,587.59,10.448,511.56,1634.1,1.05299,4080.55
36,13.892,586.01,10.749,516.45,1634.5,1.079822,4095.09
37,14.292,584.42,11.056,521.35,1634.9,1.107086,4109.66
38,14.701,582.83,11.371,526.26,1635.2,1.134891,4124.24
39,15.119,581.22,11.694,531.19,1635.5,1.163192,4138.8
40,15.545,579.61,12.024,536.12,1635.8,1.191912,4153.38
41,15.981,577.99,12.361,541.07,1636,1.221242,4168.01
42,16.426,576.36,12.707,546.03,1636.3,1.251059,4182.61
43,16.88,574.72,13.06,551,1636.5,1.281346,4197.21
44,17.344,573.07,13.422,555.98,1636.6,1.31217,4211.85
45,17.817,571.42,13.792,560.97,1636.8,1.343528,4226.47
46,18.3,569.75,14.171,565.98,1636.9,1.375417,4241.13
47,18.792,568.08,14.558,571,1637,1.407838,4255.8
48,19.295,566.39,14.954,576.03,1637.1,1.440764,4270.43
49,19.807,564.69,15.36,581.08,1637.1,1.474217,4285.12
50,20.33,562.99,15.775,586.14,1637.1,1.50808,4299.82
51,20.863,561.27,16.199,591.21,1637.1,1.542183,4314.48
52,21.406,559.54,16.633,596.3,1637,1.576877,4329.19
53,21.96,557.81,17.077,601.4,1636.9,1.612128,4343.91
54,22.525,556.06,17.531,606.52,1636.8,1.648027,4358.64
55,23.1,554.3,17.996,611.65,1636.6,1.684328,4373.37
56,23.687,552.52,18.471,616.8,1636.4,1.721347,4388.11
57,24.284,550.74,18.957,621.96,1636.2,1.758792,4402.88
58,24.893,548.94,19.455,627.14,1636,1.796977,4417.63
59,25.513,547.14,19.964,632.33,1635.7,1.835633,4432.41
60,26.145,545.32,20.484,637.55,1635.3,1.874989,4447.18
61,26.788,543.48,21.017,642.78,1635,1.914801,4461.99
62,27.443,541.63,21.562,648.02,1634.6,1.955262,4476.77
63,28.11,539.77,22.119,653.29,1634.1,1.996322,4491.6
64,28.789,537.9,22.69,658.57,1633.7,2.03803,4506.44
65,29.481,536.01,23.274,663.88,1633.2,2.080374,4521.25
66,30.184,534.11,23.871,669.2,1632.6,2.123068,4536.11
67,30.9,532.19,24.483,674.54,1632,2.166085,4550.99
68,31.629,530.26,25.108,679.9,1631.4,2.209705,4565.87
69,32.371,528.31,25.749,685.29,1630.7,2.253944,4580.73
70,33.125,526.34,26.404,690.69,1630,2.298787,4595.63
71,33.892,524.36,27.075,696.12,1629.2,2.34425,4610.55
72,34.673,522.36,27.762,701.57,1628.4,2.390369,4625.46
73,35.467,520.35,28.466,707.04,1627.6,2.437168,4640.39
74,36.275,518.31,29.186,712.53,1626.7,2.484608,4655.35
75,37.096,516.26,29.924,718.05,1625.7,2.532684,4670.3
76,37.931,514.19,30.68,723.6,1624.7,2.581422,4685.25
77,38.78,512.1,31.454,729.17,1623.7,2.630865,4700.25
78,39.643,509.99,32.247,734.77,1622.6,2.680938,4715.22
79,40.521,507.86,33.06,740.39,1621.4,2.731319,4730.21
80,41.413,505.71,33.892,746.04,1620.2,2.782151,4745.26
81,42.32,503.53,34.746,751.73,1619,2.833666,4760.27
82,43.241,501.34,35.621,757.44,1617.7,2.885851,4775.34
83,44.177,499.12,36.519,763.18,1616.3,2.93868,4790.37
84,45.129,496.87,37.439,768.95,1614.9,2.992259,4805.46
85,46.095,494.6,38.384,774.76,1613.4,3.046459,4820.53
86,47.078,492.31,39.353,780.6,1611.8,3.101477,4835.64
87,48.075,489.99,40.347,786.48,1610.2,3.157161,4850.75
88,49.089,487.64,41.368,792.39,1608.6,3.213596,4865.84
89,50.118,485.26,42.416,798.34,1606.8,3.270568,4880.97
90,51.164,482.85,43.493,804.33,1605,3.327772,4896.14
91,52.226,480.41,44.599,810.36,1603.1,3.385649,4911.31
92,53.305,477.94,45.736,816.43,1601.1,3.444321,4926.49
93,54.4,475.43,46.906,822.54,1599.1,3.503672,4941.68
94,55.512,472.89,48.108,828.7,1597,3.56378,4956.91
95,56.642,470.31,49.346,834.91,1594.8,3.624763,4972.21
96,57.788,467.7,50.619,841.17,1592.5,3.686346,4987.27
97,58.952,465.04,51.931,847.48,1590.1,3.748745,5002.8
98,60.134,462.34,53.282,853.84,1587.6,3.811901,5017.94
99,61.333,459.6,54.675,860.26,1585.1,3.87508,5033.1
100,62.551,456.81,56.112,866.74,1582.4,3.93913,5048.64
101,63.787,453.97,57.594,873.28,1579.6,4.003922,5063.76
102,65.042,451.08,59.125,879.89,1576.8,4.069544,5079.14
103,66.315,448.14,60.707,886.57,1573.8,4.135915,5094.53
104,67.608,445.14,62.342,893.32,1570.7,4.20321,5109.69
105,68.919,442.08,64.035,900.14,1567.4,4.271199,5125.29
106,70.25,438.96,65.787,907.05,1564,4.33995,5140.54
107,71.601,435.77,67.604,914.04,1560.5,4.408859,5155.79
108,72.972,432.5,69.488,921.13,1556.9,4.478645,5171.56
109,74.363,429.16,71.446,928.31,1553.1,4.549242,5186.84
110,75.775,425.74,73.481,935.6,1549.1,4.620786,5202.35
111,77.207,422.22,75.599,943,1544.9,4.693135,5217.94
112,78.661,418.61,77.808,950.52,1540.6,4.766428,5233.26
113,80.136,414.9,80.114,958.17,1536,4.840465,5249.1
114,81.632,411.08,82.525,965.96,1531.2,4.91465,5264.45
115,83.151,407.13,85.052,973.91,1526.2,4.98984,5279.81
116,84.692,403.06,87.704,982.02,1520.9,5.065868,5295.68
117,86.256,398.83,90.495,990.31,1515.4,5.142881,5311.08
118,87.843,394.45,93.44,998.81,1509.5,5.220871,5326.98
119,89.454,389.89,96.556,1007.5,1503.3,5.299878,5342.41
120,91.088,385.13,99.866,1016.5,1496.7,5.379187,5357.9
121,92.747,380.14,103.39,1025.8,1489.6,5.459281,5373.8
122,94.431,374.9,107.17,1035.3,1482,5.540346,5389.49
123,96.14,369.35,111.25,1045.3,1473.9,5.622472,5405.25
124,97.876,363.46,115.66,1055.7,1465.1,5.70576,5420.75
125,99.638,357.15,120.49,1066.6,1455.4,5.790044,5436.77
126,101.43,350.32,125.84,1078.1,1444.8,5.874907,5452.38
127,103.25,342.84,131.83,1090.5,1432.9,5.960758,5468.37
128,105.09,334.48,138.69,1104,1419.3,6.047281,5484.19
129,106.97,324.91,146.77,1118.9,1403.5,6.13558,5500.03
130,108.88,313.44,156.73,1136.2,1384.1,6.225215,5516.09
